Components,F1
1,NaN
2,NaN
4,NaN
6,NaN
8,NaN
10,NaN
12,NaN
14,NaN
16,NaN
18,NaN
20,NaN
22,NaN
24,NaN
26,NaN
28,NaN
30,NaN
32,NaN
34,NaN
36,NaN
38,0.0
40,0.0
42,0.0
44,0.0
46,0.0
48,0.0
50,0.0
52,0.0
54,0.0
56,0.0
58,0.0
60,0.0
62,0.0
64,0.0
66,0.0
68,0.0
70,0.0
72,NaN
74,NaN
76,0.0
78,NaN
80,NaN
82,NaN
84,NaN
86,NaN
88,NaN
90,NaN
92,NaN
94,NaN
96,NaN
98,NaN
100,NaN
102,NaN
104,NaN
106,NaN
108,NaN
110,NaN
112,NaN
114,NaN
116,0.0
118,0.0
120,0.0
122,NaN
124,NaN
126,NaN
128,NaN
130,NaN
132,NaN
134,NaN
136,NaN
138,NaN
140,NaN
142,NaN
144,0.0
146,0.0
148,0.0
150,0.0
152,0.0
154,0.0
156,NaN
158,NaN
160,NaN
162,NaN
164,NaN
166,NaN
168,NaN
170,NaN
172,NaN
174,NaN
176,NaN
178,NaN
180,NaN
182,NaN
184,NaN
186,NaN
188,NaN
190,NaN
192,NaN
194,NaN
196,NaN
198,NaN
200,NaN
