Components,F1
1,NaN
2,NaN
4,NaN
6,NaN
8,NaN
10,NaN
12,NaN
14,NaN
16,NaN
18,NaN
20,NaN
22,NaN
24,NaN
26,NaN
28,NaN
30,NaN
32,NaN
34,NaN
36,NaN
38,NaN
40,NaN
42,NaN
44,NaN
46,NaN
48,NaN
50,NaN
52,NaN
54,NaN
56,NaN
58,NaN
60,NaN
62,NaN
64,NaN
66,NaN
68,NaN
70,NaN
72,NaN
74,NaN
76,NaN
78,NaN
80,NaN
82,NaN
84,NaN
86,NaN
88,NaN
90,NaN
92,NaN
94,NaN
96,NaN
98,NaN
100,NaN
102,NaN
104,NaN
106,NaN
108,NaN
110,NaN
112,NaN
114,NaN
116,NaN
118,0.0
120,NaN
122,NaN
124,0.0
126,NaN
128,NaN
130,NaN
132,NaN
134,NaN
136,NaN
138,NaN
140,NaN
142,NaN
144,NaN
146,NaN
148,NaN
150,NaN
152,NaN
154,NaN
156,NaN
158,NaN
160,NaN
162,NaN
164,NaN
166,NaN
168,NaN
170,NaN
172,NaN
174,NaN
176,NaN
178,NaN
180,NaN
182,NaN
184,NaN
186,NaN
188,NaN
190,NaN
192,NaN
194,NaN
196,NaN
198,NaN
200,NaN
